Clave,Nombre,Tipo,RUC,Nombre Corto,Clave,Correo electronico,Correo electronico 2
00001,RETAIL CENTENARIO S A,Afiliadas,2182171-1-770489,RETAIL CENTENARIO SA,00001,lpravia@udgpanama.com,
00002,"Z RELOJEROS, S.A.",Cliente,780179-1-487966,RELOJIN,00002,david@relojin.com,contabilidad@relojin.com
00004,"TEX FASHION GLOBAL, S.A.",Cliente,180755-1-392091,STUDIO F/ ELA,00004,betzaida.hernandez@texfashionglobal.com.pa,susana.worrell@texfashionglobal.com.pa
00005,NEGOCIOS CINEMATROGRAFICOS INTERNACIONALES S.A.,Cliente,2601135-1-833904,CINEPOLIS,00005,mfloresc@cinepolis.com,cvip_altaplaza_pa@cinepolis.com
00006,"HOGAR Y DECORACIîN, S.A.",Cliente,2426707-1-80864,CONCEPTS LIFE,00006,eduardom@noritex.com,
00008,"SOLƒ ENTERPRISES, S.A.",Cliente,15135021650150,SOLƒ,00008,,
00009,"NAPPA LEATHER, INC.",Cliente,476062-1-434993,VELƒZ,00009,amrestrepo@cuerosvelez.com,admnappa@cuerosvelez.com
00010,"POLO CLUB LONDON, S.A.",Cliente,20717371751634,ROYAL COUNTY,00010,moshepoloclub@cableonda.net,
00011,"SOCIAL RETAIL OPERATIONS, S.A.",Cliente,13525561617708, ZIPPY KID,00011,mack.ibrahim@phoenixwt.com.pa,
00012,"SPORT WEAR CORPORATION, S.A.",Cliente,638045-1-457554,OUTDOORS ADVENTURE,00012,quezada@swcpanama.com,mendieta@swcpanama.com
00013,METRO TRADING IMPORTED CORPORATION S.A.,Cliente,31844-219-245108,ESTAMPA,00013,ygonzalez@estampa.com.pa,cmartinez@estampa.com.pa
00014,"HAYAS GROUP, S.A.",Cliente,25601641827676,ALFEMO,00014,quezada@swcpanama.com,mendieta@swcpanama.com
00016,"SPORTLINE AMERICA, INC.",Cliente,21094-39-189991,SPORTLINE,00016,rosalba.espinosa@sla.com.pa,denisse.ortega@sportline.com.pa
00018,"IZANEKSE, S.A.",Cliente,10402-192-106207,STEVENS,00018,properties@grupotova.com,lina.rodriguez@grupotova.com
00019,MASADA MALL DEVELOPMENT INC.,Cliente,2557547-1-827177,MASADA,00019,madelaine.cozarelli@plazareg.com,celibeth.deleon@plazareg.com
00020,STING RAY DEVELOPMENT INC,Cliente,510146-1-437168,FOREVER 21,00020,rmartinez@plazareg.com,
00021,"RIBA SMITH, S.A.",Cliente,34201-3-255004,RIBA SMITH,00021,yacosta@rimith.com,
00022,"SAMYBET, S.A.",Cliente,34864-31-257990,SAMYBET,00022,yanibel@tova.com.pa,tania.brown@grupotova.com
00023,"SONOMA, S.A.",Cliente,10452221546169,SKECHER,00023,daniel@dabsan.com,
00024,BOLI & COMPANY LTD,Cliente,399317-1-424107,WORLD TIME,00024,Rafael.Bonilla@uniwatch.com,olaides@uniwatch.com
00242,"INVERSIONES ELON, S. A.",Cliente,155672337-2-2018,FLOWERS ART,000242,jramirezreina1978@yahoo.es,ginnarobles@hotmail.com
00025,"ADOC DE PANAMA, S.A.",Cliente,2236582-1-778933,HUSH PUPP/ STEVE M,00025,carmen.iglesias@empresasadoc.com,marlon.arias@empresasadoc.com
00026,FIFTH AVENUE COMMERCIAL S A,Cliente,2218517-1-77608,AEROPOSTALE,00026,Diana.Torrero@sisa.com,tramos@fastcoint.com
00027,RAPIDFLOW ENTERPRISES S.A.,Cliente,2151972-1-76543,EXPRESS,00027,Diana.Torrero@sisa.com,tramos@fastcoint.com
00028,"JEZ, S.A.",Cliente,2546966-1-825787,JEZ,00028,pmelendez@intretailgroup.com,
00029,BURGER ALTAPLAZA  S A,Cliente,2658095-1-841747,ROCKBURGER,00029,clopeztom@gmail.com,real@decastro-robles.com
00030,"DIFERMODA COMMERCIALES, S.A.",Cliente,2138231-1-763279,DESIGUAL,00030,rmartinez@plazareg.com,
00031,"INVERSIONES AMIGO, S.A.",Cliente,42660-17-288805,TOMMY HILFIGER,00031,FRP@thassap.com,aperez@aswgr.com
00032,"ADF PANAMç, S.A.",Cliente,2524158-1-822252,CALVIN KLEIN,00032,FRP@thassap.com,znunez@aswgr.com
00033,"OPERADORA PANAMAX, S.A.",Cliente,1675920-1-680848,DOMINOS«PIZZA,00033,oscar@dominospanama.com,alejandra@dominospanama.com
00034,"LA RIVIERA PANAMç, S.A.",Cliente,556399-1-444264,LA RIVIERA,00034,ltouzard@grupowisa.com,roselyn.figueroa@grupowisa.com
00035,"MNT PA, CORP.",Cliente,2676578-1-844525,MINUETTO,00035,emilkilzi@zellt.com,giocondag@zellt.com
00036,"NAPA PANAMA, CORP.",Cliente,2607093-1-834768,CELIO,00036,emilkilzi@zellt.com,
00037,"MODAS Y DEPORTES EL DORADO, S.A.",Cliente,1841-85-35470,SUPER DEPORTES,00037,contabilidad2@modasydeportes.com,sarah@modasydeportes.com
00038,RETAIL UNITED S A,Cliente,2254102-1-782138,FLORMAR/GRANSTORE,00038,conta1@demodazl.com,
00039,"ISTHMUS FOOD SERVICES, S.A.",Cliente,2270779-1-785158,FUDDRUCKERS,00039,fuddsdministracion@gmail.com,orlandofalsm@gmail.com
00040,"LOPUS FINANCIAL, INC..",Cliente,529409-1-439947,TIMBERLAND / BELLINI,00040,,
00042,"PUNTAMENTA PANAMç, S.A.",Cliente,155587690-2-2014,AGUAMENTA,00042,khernandez@aguamentabikinis.com,surrutia@serviequiposcorp.com
00044,"EQUITEM, S.A.",Cliente,12010-68-119752,,00044,,
00045,"PAYLESS SHOESOURCE PANAMA, S.A.",Cliente,283658-1-407733,PAYLESS,00045,Arelis.Gil@payless.com,migdalia.arias@payless.com
00046,"CREPES, S.A.",Cliente,47814-83-308700,CREPES & WAFFLES,00046,proveedore.fe.panama@crepesywaffles.com,
00047,PIZZA & ESPUMA S A,Cliente,1622566-1-670525,PIZZA BRAVA,00047,jaime@bravapizzayespuma.com,bravacontabilidad@gmail.com
00048,MADE IN JAPAN CENTENARIO S A,Cliente,155588604-2-2014,NACIîN SUSHI,00048,franquicia@nacionsushi.com,altaplaza@nacionsushi.com
00049,DISRUPTION DE PANAMA  S A,Cliente,906690-1-516109,DISRUPTION DE PANAMA,00049,angela.alvarado@tbwapanama.com,
00050,LA MONEDITA S A,Cliente,1511215-1-649686,JUICE MARKET,00050,oishitolani@hotmail.com,info@juice-market.com
00051,"MOHINANI GROUP, S.A.",Cliente,1114423-1-562931,JOYERIA MG,00051,rajesh@mohinanigroup.com,gerencia@mohinanigroup.com
00052,GNC (LIVE WELL)  CORP,Cliente,2186574-1-771158,GNC,00052,kalvarado@gnc.com.pa,carosemena@gnc.com.pa
00053,CRYSTAL HOUSE CORPORATION,Cliente,1130991-1-567041,SWAROVSKI,00053,mircala@snobshop.net,tamara@swpanama.com
00054,PREMIUM CAFE DE LATINOAMERICA S A,Cliente,2410160-1-806190,THE COFFEE BEAN TEA,00054,a.figueroa@coffeebean.com.pa,h.guevara@coffeebean.com.pa
00055,"CAPACOL, S.A.",Cliente,62662-43-352811,TOTTO Tò/TOTTO,00055,abotero@hotmail.com,administracion@tottopanama.com
00056,INVERSIONES LOS TRES ANGELES S A,Cliente,155589705-2-2015,CAKE POPS,00056,monicarangel1320@hotmail.com,invlostresangelespanama@hotmail.com
00057,MULTIOPTICAS PANAMA S A,Cliente,2122593-1-760614,MULTIOPTICAS,00057,juanalbertog@multiopticaspanama.com,
00058,RED VELVET INVESTMENT INC,Cliente,155597544-2-2015,RED VELVET,00058,isidrog2008@gmail.com,josealbertogomes1969@hotmail.com
00059,"INVERSIONES LA CORONA, S.A.",Cliente,1681639-1-682343,EPK,00059,admin@epkpanama.com,cz@epkpanama.com
00060,"GRANELO PIELES, S.A.",Cliente,1114072-1-562834,RENATO CUEROS,00060,info@renato.com.pa,
00061,"SKYTEX, S.A.",Cliente,2234889-1-778669,MOA/OKAIDI/HUNKEMOLL,00061,akram@skytexworld.com,logistics@skytexworld.com
00062,INVERSIONES LASSNER AMADOR S A,Cliente,886674-1-512095,LE„OS Y CARBîN,00062,lenosycarbonpan@hotmail.com,tesoreria.lenosycarbon@gmail.com
00063,INVERSIONES GOLDEN BRANDS S A,Cliente,1672601-1-680004,WING ZONE,00063,contabilidad@wingzone.com.pa,cuco51@hotmail.com
00064,KOTOWA COFFEEHOUSE S A,Cliente,811194-1-498031,KOTOWA COFFEE HOUSE,00064,gereadmko@cwpanama.net,criskoyner@cwpanama.net
00065,S M R M  INC,Cliente,1747141-1-695563,PREMIER,00065,,
00066,GRUPO BARI S A,Cliente,155604137-2-2015,PHILPARK,00066,kelenmedina@gmail.com,kmedina@philpark.com.pa
00067,EDIFICAR PANAMA S A,Cliente,1352384-1-617663,,00067,,
00068,SALVADOR INTERNATIONAL CORP,Cliente,1987411-1-738084,PELUQUERIA SALVADOR/,00068,info@salvador.com.ve,
00069,GRUPO INVERSIONISTA DONATO S A,Cliente,2604857-1-834438,SANDWICH CUBANO,00069,contabilidad.qbano@gmail.com,diegocubano80@hotmail.com
00070,REIBY S A,Cliente,155585577-2-2014,STUFF,00070,mohamed@electrohogarzl.com,
00071,INVERSIONES PANAMERICANAS DE CAFE DE PANAMA S A,Cliente,1692370-1-684786,STARBUCKS,00071,keyur.bhakta@cctlgrp.com,mariel.belton@cctlgrp.com
00072,LOVING MY MOBILE S A,Cliente,155603566-2-2015,CELLAIRIS,00072,rgrajales@businesspty.biz,
00073,AUDIO FOTO INTERNACIONAL S A,Cliente,17297-39-162907,AUDIOFOTO,00073,ada.amelia@audiofoto.com,contabilidad@audiofoto.com
00074,D F  PANAMA  S A,Cliente,2573154-1-829796, MANGO,00074,elvira.puga@grupowisa.com.pa,bortega@grupowisa.com.pa
00075,CONCEPT SPORT  S A,Cliente,778-454-138120,ADIDAS,00075,Karla.Chanis@adidas-group.com,svc_fss_ap_7260_pa@adidas-group.com
00076,ESTOCOLMO INTERNATIOAL HOLDING CORP,Cliente,2369270-1-800455,UNIFARMA,00076,odelaespada@unifarma.com.pa,
00077,"INVERSIONES SAN REMO GROUP, S. A",Cliente,155635682-2-2016,LEGO,00077,jennifer.altamar@elitebrands.us,claudia.marin@elitebrands.us
00078,ARCOS DORADOS PANAMA  S A,Cliente,32476-40-247875,MC DONALD«S,00078,raul.ruiz@pa.mcd.com,Jesus.Arias@pa.mcd.com
00079,SPECIALTY RETAIL STORES DE PANAMA S A,Cliente,1826619-1-709868,STEVE MADDEN,00079,jaimepalomo@mac.com,marcela.martinez@srs-ca.com
00080,SIGNATURE PAN S A,Cliente,2662719-1-842393,CHARLES_KEITH,00080,mack.ibrahim@phoenixwt.com.pa,
00081,EL HOMBRE DE LA MANCHA S A,Cliente,61624-1-372612,EL HOMBRE DE LA MANC,00081,orit.trabajo@gmail.com,contabilidad@hombredelamancha.com
00082,MDG CORP,Cliente,155584835-2-2014,PUKET,00082,ifakih@merengadazl.com,husse23@gmail.com
00083,ALTAPLAZA INVESTMENT INC,Cliente,57306-101-338487,BERSHK/OYS/PU&B/STRA,00083,celibeth.deleon@plazareg.com,desireth.gonzalez@plazareg.com
00084,YOGEN ALTAPLAZA S A,Cliente,155604905-2-2015,DURAN COFFEE STORE,00084,cesvar@hotmail.com,
00085,PANAME„A DE HELADOS S A,Cliente,456498-1-432343,GELARTI,00085,rafael.londono@gelarti.com,yadira.soto@gelarti.com
00086,PANAFRUTA S A,Cliente,836430-1-502723,SMOOTHIES,00086,rafael.londono@gelarti.com,
00087,PIRUETAS S A,Cliente,361958-1-419101,PIRUETAS,00087,esquenazi.jose@gmail.com,
00088,GRUPO COMPLETO S A,Cliente,155600336-2-2015,BAMBOO,00088,tzaji@grupocompleto.com,info.bamboo@grupocompleto.com
00089,FOUR D GELATERIAS INVESTMENT INC,Cliente,155604371-2-2015,GELATO 4D,00089,isidrog2008@gmail.com,josealbertogomes1969@hotmail.com
00090,F G ALTA PLAZA S A,Cliente,155610362-2-2015,BOCADILLOS,00090,churromania.pty@gmail.com,
00091,MF ALTA PLAZA S A,Cliente,155607510-2-2015,LA BAGUETTE,00091,labaguettedorado1@gmail.com,labaguettedoradoadm@gmail.com
00092,"LINGERIE BOUTIQUE, S.A.",Cliente,814-121-133201,LEONISA,00092,LSanchezG@lboutique-pa.com,MIcaza@lboutique-pa.com
00093,GRUPO WUAP S A,Cliente,155610197-2-2015,WASSUP,00093,celis.gustvo@gmail.com,
00094,MOA PANAMA S A,Cliente,155594503-2-2015,MOA,00094,akram@skytexworld.com,snasr@skytexworld.com
00095,OKAIDI PANAMA S A,Cliente,155609003-2-2015,OKAIDê,00095,akram@skytexworld.com,snasr@skytexworld.com
00096,HMK PANAMA S A,Cliente,155594497-2-2015,HUMKEMOLLER,00096,akram@skytexworld.com,snasr@skytexworld.com
00097,"LIFE HOME OFFICE, INC",Cliente,729804-1-475013,LIFE PLUS,00097,lurys@lifeplus.com.pa,vielka@lifeplus.com.pa
00098,FASHION FOOTWEAR PANAMA INC,Cliente,2095085-1-755833,ALDO,00098,juan.sanchez@phoenixwt.com.pa,Jackeline@phoenixwt.com.pa
00099,MR. MACCARONI S.A.,Cliente,"155613369-2-2015	",MR. MACCARONI,00099,greciamanzano@gmail.com,
00100,"KALAMATAS, S.A.",Cliente,"155613446-2-2015	",PREMIUM CARS,00100,karlagunera@gmail.com,
00101,"INVERSIONES JZ, S.A.",Cliente,705759-1-469900,Silver Collection 92,00101,jenny@silvercollection.net,
00102,"TIENDAS DE MARCAS, S.A.",Cliente,"267069-1-405452	",MOOSE/U.S POLO ASS,00102,mijael@uspolo.com.pa,contabilidad3@esmo.com.pa
00103,"KIO GROUP INC , S.A.",Cliente,"1835025-1-710987	",Mr. Pretzel,00103,reinacoro@gmail.com,
00104,"CM ALTAPLAZA, S.A.",Cliente,155607490-2-2015,CHURROLƒ,00104,fc.altaplaza@gmail.com,yusmaridecastro@hotmail.com
00105,"MADISON VENTURES  MV, S.A.",Cliente,"155597326-2-2015	",ALEX AND ANI,00105,madisonv@sterlinggrupo.com,
00106,"ROUND 1, S.A.",Cliente,2115541-1-759299,EVERLAST,00106,agarzon@deportivaint.com,contabilidad@deportivaint.com
00107,"EYS COLLECTION, S A",Cliente,2387494-1-803060,EYS COLLECTION,00107,alinaramirez@yahoo.com,aantadillas@hotmail.com
00109,GLAMIXCO S.A.,Cliente,"155609876-2-2015	",MODEL OWN,00109,fuad@zgrupo.com,
00111,ESTABON INVESTMENT INC,Cliente,2287267-1-787948,Play N Trade,00111,GERENCIA@PNTPANAMA.COM,
00112,"GRUPO CORPORATIVO CARIBE, S.A.",Cliente,155610326-2-2015,SALVADOR / UOMO,00112,uomoaltaplaza@gmail.com,institutoaltaplaza@gmail.com
00113,"CHOCO INTERNATIONAL, S.A.",Cliente,155607286-2-2015,Choco Kebab,00113,abhm50@gmail.com,
00114,"CANELA CORPORATION, S.A.",Cliente, 601815-1-451839,CINNABON,00114,admoncanela@gmail.com,daniel@athenspizzapanama.com
00115,GRUPO ZAGAL STORE CORP,Cliente,155601123-2-2015,ZAGAL,00115,michael_zagal@hotmail.com,
00116,"NUTRI FRANQUICIAS, S.A.",Cliente,1346550-1-616220,TCBY FROZEN YOGURT,00116,CDTCBY@YAHOO.COM,
00117,"ROYAL BRANDS, S.A.",Cliente,1856702-1-714711,MOTHERCARE,00117,jpantoja@spartanla.com,bacevedo@spartanla.com
00118,"TOVA, S.A.",Cliente,65219-68-360495,STEVENS,00118,yamileth.paredes@grupotova.com,jacinta.jaen@grupotova.com
00119,"GELATIAMO PANAMA, S.A.",Cliente,1-55589219-2-2014,GELATIAMO,00119,kunalrmayani@gmail.com,sharunmayani@gmail.com
00120,INVERSIONES CAPITALES F & E S A,Cliente,155604802-2-2015,Athanasiou,00120,jaiaty@hotmail.com,
00121,FITLAB S A,Cliente,690433-1-466278,FITLAB Y  CLAIRE'S,00121,contabilidad@fitlab.us,dfernandez@consultingkm.com
00122,"CABLE ONDA, S.A.",Cliente,30394-2-238626,Cable Onda,00122,luz.sanchez@tigo.com.pa,cilia.iberico@tigo.com.pa
00123,"PREMIER DEAD SEA PANAMA, S.A.",Cliente,1163525-1-574358,VINE VERA,00123,joevinevera@gmail.com,adelmisdelgado@vineverapty.com
00124,"RUSTICA MARKET, S.A.",Cliente,"155619460-2-2015	 DV 71",Rustica Market,00124,danidani68@gmail.com,
00125,URBAN DEVELOPERS CORP.,Cliente,1255085-1-594193  DV35,GRUPO VIVIR,00125,mhamoui@gvivir.com,cvidal@gvivir.com
00126,MANTENIMIENTO DE INFRAESTRUCTURA S A (MANTINSA),Cliente,155615466-2-2015,MANTINSA,00126,cizaguirre@mantinsa.com,vcastillo@mantinsa.com
00128,TERABYTE PANAMA CORP,Cliente,1422003-1-632092,I LOVE MY PHONE,00128,frankmoret@hotmail.com,miguelespildora2@gmail.com
00129,NETZAJ CORP.,Cliente,2335623-1-795402,CANDY POP,00129,bogayasociadosca@gmail.com,
00130,T V OFFER INC,Cliente,62661-106-352806,INGENIOUS,00130,contadorpanama@grupotvoffer.com,rigobertoguerrero@gmail.com
00131,"EVA & LUNA ACCESORIES,  S.A.",Cliente,155623843-2-2016,EVALUNA,00131,evalunaltaplaza@gmail.com,marilynf.19@hotmail.com
00132,"ORGANZA INVESTMENT, S.A.",Cliente,2365601-1-799907,CAMICISSIMA,00132,ilucero@argeliazl.com,d.espinoza@argeliazl.com
00133,"IMPORTADORA MADURO, S.A.",Cliente,558-472-101708,FELIX,00133,contabilidad@maduro.com.pa,
00134,"FRANQUICIAS PANAME„AS, S.A",Cliente,902-308-105023,DAIRY / PIZZA H/ KFC,00134,eric.magallon@franpan.com,marisel.sanchez@franpan.com
00135,"TWO HANDS PRODUCTIONS, S.A.",Cliente,155621012-2-2016,SAND BOX,00135,fabiola@twohandsp.com,
00136,"GASCO ZONA LIBRE, S.A.",Cliente,2200254-1-773126,GASCO,00136,admin@gasco.la,gerencia1@gasco.la
00137,"GRAND CAFE, S.A.",Cliente,2230622-1-777946,GRAN CAFE,00137,,abudi.darwiche@hotmail.com
00138,DALIAN GLOBAL PROPERTIES CORP.,Cliente,2671452-1-843751,ST Jacks,00138,czavala@stjacks.com,nrodriguez@stjacks.com
00139,AGUACLARA PTY  S.A.,Cliente,155619607-2-2015,Agua Clara,00139,sousa150@yahoo.com,ssousa@dreamkyds.com
00141,CONCEPT STORE GROUP  COPRP,Cliente,155626930-2-2016,BRAND SHOP,00141,itza.velarde@apolo.com,
00142,"ALPHA ENTRETENIMIENTOS, S.A.",Cliente,"578064-1-447678	",ESTI GAMES,00142,rmolinadl@grupomintl.com,amedina@estigames.com
00143,MAC STORE CORP,Cliente,537091-1-441028,MAC STORE/SUNGLASS H,00143,ncastillo@macstore.com.pa,melissa@macstore.com.pa
00144,"GRUPO PLAZA CROCS, S.A.",Cliente,155623449-2-2016,CROCS,00144,vecky_0380@hotmail.com,monicabardayan@gmail.com
00145,"ODLR PANAMA, S.A.",Cliente,155591603-2-2015,Oscar de la Renta,00145,lazar@odlr-latinamerica.com,stella@odlr-latinamerica.com
00146,"ASIAN ALTAPLAZA, S.A.",Cliente,155610689-2-2015,BAMBOO WOK,00146,lopez@decastro-robles.com,real@decastro-robles.com
00147,"ARENAS SURF, S.A",Cliente,"155619168-2-2015	",Flow,00147,,contabilidad@stargroupzl.com
00148,OSLER INVESTMENT,Cliente,155624519-2-2016,STICK HOUSE,00148,YISSA@ARGELIAZL.COM,
00149,"SAMAA, S.A.",Cliente,2555979-1-826983,KCHE INTERNACIONAL,00149,MOHANAD_IMTAIR@HOTMAIL.COM,kche-internacional@hotmail.com
00150,"RETAIL FOOD, S.A.",Cliente,155590693-2-2015,NY FRIES,00150,auraemonteverde02@gmail.com,fuad@retailfoodsa.com
00151,"LIZARRAN PANAMA, S.A.",Cliente,155606020-2-2015,Lizarran,00151,fjlopez8@gmail.com,belkislizarran@gmail.com
00152,MCCANN ERICKSON WORLD GROUP PANAMA S A,Cliente,28936-2-233429,,00152,Othmell.Rodriguez@mccann.com.pa,facturacion.sm@mccann.com.pa
00153,"PEKECARS, S.A.",Cliente,155613377-2-2015,PEQUECOCHES,00153,pequecoches@gmail.com,
00154,"LA COCINA CREATIVA, S.A.",Cliente,155622523-2-2016,The Hoppy Hug/ Taber,00154,info@cocinacreativa21.com,
00155,INVERSIONES VANCOUVER S A,Cliente,1075684-1-553258,Victoria's Secret,00155,johanaruiz@grupodavid.com,yaritzatorres@grupodavid.com
00156,"NUNI FASHION, S.A.",Cliente,2195327-1-772450,Children's P/ Americ,00156,johanaruiz@grupodavid.com,jinisgomez@grupodavid.com
00157,"ASADOS GABYDANA, S.A.",Cliente,1008620-1-537652,Asados Gaby Dana,00157,admin@asadosgabydana.com,
00158,"PANAMA TICKETS, S.A.",Cliente,1584531-1-663146,TICKETS PLUS,00158,amacaluso@ticketplus.com.pa,
00159,OFITERAPIA,Cliente,3-73-2383,OFITERAPIA,00159,ofiterapia@gmail.com,
00160,"HIGH TRAFFIC MEDIA, S.A.",Cliente,636563-1-457271,"HIGT TRAFFIC MEDIA,",00160,argelis@hightraffic.tv,
00161,INVERSIONES MOASIRO S A,Cliente,155630973-2-2016,FOREVER PHONE,00161,4everphone@gmail.com,grupotecnologia.m@gmail.com
00162,ALAMEDA PANAMA S A,Cliente,2234879-1-778664,FOREVER 21,00162,paula.cabrera@ar-holdings.com,facturas.administrativo.pa@ar-holdings.com
00163,"PREMIUM COMPANY, S.A.",Cliente,155602621-2-2015,PREMIUM CARS,00163,karlagunera@gmail.com,
00164,JOHN GRANDIN,Cliente,059579300,NUTELLA,00164,grandinjohn@gmail.com,
00165,REAL SERVICIOS PTY,Cliente,1824274-1-709503,REAL SERVICIOS PTY,00165,,
00166,"Compa–ia Paname–a de Aviaci—n, S.A. (Copa Airlines)",Cliente,515-111-12086,Copa Airlines,00166,GLEBLANC@copaair.com,dvelasqueze@copaair.com
00167,"TIME OUT PANAMA, S.A.",Cliente,2074288-1-752057,PUMA,00167,daris@puma.com.pa,
00168,"BUCO Y MAS, S.A.",Cliente,155629293-2-2016,Muy Mucho,00168,claudiadiaz@muymuchopanama.com,
00169,"MARKETING ROOTS, INC.",Cliente,395303-1-423552,,00169,,
00170,"Versa Group, S.A.",Cliente,155608084-2-2015,DIP N DIP,00170,contabilidad@multifoodholdings.com,Gnovoa@grupodavissa.com
00171,"RG NETWORKS, CORP.",Cliente,1588378-1-663936,"RG NETWORKS, CORP.",00171,,
00172,"GRUPO TECH PTY, S.A.",Cliente,155626948-2-2016,SAMSUNG,00172,rupcich.marcel@gmail.com,mogangelica@gmail.com
00173,"CLARO PANAMA, S.A.",Cliente,994855-1-534959,CLARO,00173,mmarlenis.penalba@claro.com.pa,Cesar.Aguirre@claro.com.pa
00174,MARKETING CLOVER,Cliente,1346310-1-996,MARKETING CLOVER,00174,,
00175,"PETROAUTOS, S.A.",Cliente,29440-104-236201,HYUNDAI,00175,jsolis@petroautos.com,
00176,DELICATESES ORIENTALES S A,Cliente,2507100-1-819793,AL RIFAI,00176,alielneser@outlook.com,omarelneser@gmail.com
00177,"Q,  S.A.",Cliente,1273476-1-598609,"Q,  S.A.",00177,,
00178,"SUPERZA, S.A.",Cliente,155615100-2-2015,SUPERGA,00178,juan_f6@hotmail.com,
00179,"REGALADISSIMO, S.A.",Cliente,155636646-2-2016,SPECIAL GIFTS,00179,crisstina2001@hotmail.com,cllopezcrespo@happysweetday.com
00180,E MOTION INC,Cliente,60917-26-347991,,00180,,
00181,"PMG PANAMA, S. A.",Cliente,6606-136-75525,JAGUAR DE PANAMA,00181,,
00182,"MOLITH, S. A.",Cliente,2659274-1-841971,La Pouppe,00182,molithsa@gmail.com,
00183,"GREEN THINGS, S.A.",Cliente,1733803-1-693000,GREEN THINGS,00183,info@greenthingspty.com,
00184,"CAPITAL DORADO 711, SA.",Cliente,155641599-2-2016,BRANGUS PARRILLA,00184,presidencia@brangusparrilla.com,
00185,"BETMER, S.A.",Cliente,155635888-2-2016,MNG,00185,pavel.burgos@betmer.com,betzabel.ortega@betmer.com
00186,"DISTRIBUIDORA DAVID FORD COMPANY, S. A.",Cliente,503455-1-436018,FORD,00186,JGONZALEZ@DIDASA.COM.PA,
00187,"DIEGO FORERO R, S.A.",Cliente,1910714-1-724434,Bodega Diego Forero,00187,diegoforero830@gmail.com,
00188,"MERCADEO Y PUBLICIDAD EL DORADO, S.A.",Cliente,155614722-2-2015,D- MARK,00188,desingn_express@outlook.com,
00189,"IBIZA PANAMA, S.A.",Cliente,36363-2-263154,LURYX,00189,contabilidad.pa@luryx.com,dario@luryx.com
00190,SCOTIABANK (PANAMA) S.A.,Cliente,404934-1-425041,SCOTIABANK ATM,00190,mariae.rodriguez@scotiabank.com,
00191,"BANCO LAFISE PANAMA, S.A.",Cliente,985189-1-533017,BANCO LAFISE,00191,icedeno@lafise.com,dramirez@lafise.com
00192,"URBAN DEVELOPMENT GROUP, S.A.",Cliente,920858-1-519322,Promotora UDG,00192,jdemenchaca@udggroup.com,hgonzalez@udggroup.com
00193,SJM REST & BROS,Cliente,155605313-2-2015,EL GUEY,00193,dinosgerencia@gmail.com,jsagas.dinos@gmail.com
00195,"COLLINS RESTAURANT GROUP, INC.",Cliente,804410-1-496026,IHOP,00195,jcollins@cocri.com.pa,
00196,PEPE JEANS PANAMA S A,Cliente,2592891-1-832587,PEPE JEANS,00196,,masanchez@pepejeans.com
00197,"Inversiones De Luca Joyas 2, S. A.",Cliente,155647019-2-2017,D&C Joyeros,00197,joseph.crocco@yahoo.com,
00199,LUSH PANAMA INC,Cliente,1792338-1-703874,LUSH,00199,contabilidad@lushpanama.com,sonam@lushpanama.com
00200,"CENTRAL LATINOAMERICANA DE VALORES, S.A.",Cliente,1801267-1-705329,LATINCLEAR,00200,,
00202,"PERLAS ADMINISTRADORES, S.A.",Otras,2274055-1-785686,PERLAS ADMON.,00202,,
00204,"ATLANTIDA D C, S.A.",Cliente,155593705-2-2015, B-1-01 ATLANTIDA,00204,,
00205,"APPLE PLAZA, S. A.",Cliente,155640184-2-2016,APPLEBEE'S,00205,contabilidad@applebees.com.pa,cbecerra@applebees.com.pa
00206,SHAMBALLA SERVICIOS AGROTURISTICOS S A,Cliente,2222629-1-776722,SAN BLAS HILLS,00206,angeebarriosp@gmail.com,
00207,BANCO GENERAL,Cliente,280-134-61098,ATM BANCO GENERAL,00207,acasatti@bgeneral.com,
00208,"LA NUEVA CANELA, S.A.",Cliente,2544356-1-825416,CINNABON,00208,admoncanela@gmail.com,dgumbs@cinnabon.com.pa
00209,"BANISTMO,  S.A.",Cliente,633197-1-456744,BANISTMO,00209,facturacion_proveedores@banistmo.com,
00210,"CRAVINGS GROUP, S.A.",Cliente,155650494-2-2017,CRAVINGS,00210,CRAVINGS@CEO@GMAIL.COM,
00211,NAT CORP,Cliente,1779958-1-701735,INTIMA SECRET,00211,gustavo.canizalez@intimasecretpty.com,asistente.contabilidad@intimasecretpty.com
00212,RESTAURANTE ALTAPLAZA S.A.,Cliente,155647987-2-2017,EL GUEY,00212,elgueypanama@gmail.com,jissel.delgado26@gmail.com
00213,BOARDING GATE CORP,Cliente,511806-1-437408,SWISSBRAND,00213,rosalba.espinosa@sportline.com.pa,
00214,3 RIVAS,Cliente,155658470-1-2017,3 R. LIQUOR BOUTIQUE,00214,,
00215,POWER CLUB S.A.,Cliente,370948-1-420312,POWER CLUB,00215,NGADELOFF@POWERCLUBGYM.COM,
00216,"TRANSFER EXPRESS DE PANAMA, S.A.",Cliente,1315587-1-609387,WESTERN UNION,00216,jose.corro@westernunion.com,lisseth.GuilartedeAraujo@westernunion.com
00217,507 VENDING MACHINES CORP,Cliente,2611083-1-835379,,00217,douglasguimaraes888@gmail.com,
00218,THE SUN TANNING PANAMA S A,Cliente,155629791-2-2016,MR.LIMON / MS.POLLO,00218,JDERAUCOURT@MRLIMON.ORG,
00219,"SAMENSIL, S.A.",Cliente,1648062-1-674940,ZAXY,00219,bentolila02@hotmail.com,sebaini@gmail.com
00220,"SAINT HONORE PANAMA, S.A.",Cliente,829408-1-501623,MAC COSMETICS,00220,Janneth.torres@sthonore.com.pa,kenay.martinez@sthonore.com.pa
00221,MODANIO CORPORATION,Cliente,155632854-2-2016,FIFI,00221,info@fifikidsconceptstore.com,fifikidspty@gmail.com
00222,INSTALACIONES Y SERVICIOS MACOPA S.A.,Otras,155622065-2-2016,,00222,,
00223,"WORLDWIDE MARKETING MW 2018,S.A",Cliente,155660698-2-2018,PANINI,00223,pegranport@gmail.com,
00224,FEDERACION PANAME„A DE GIMNASIA,Otras,000000000000,FPG,00224,presidencia@fpgimnasia.org,cherrera@fpgimnasia.org
00225,"SHOP TOP,  S.A.",Cliente,2054298-1-748533,SHOP TOP,00225,,
00226,CONSTRUCCIONES HOSPITALARIAS S A,Cliente,2076345-1-752388,,00226,,
00227,YELLOW CAR S.A.,Cliente,1656080-1-676646,YELLOW CAR S.A.,00227,info@yellowcartaxi.com,
00228,"RODELAG, S.A.",Cliente,204-394-49730,AUDIO FOTO,00228,auxiliar.conta1@rodelag.com,
00229,"XIAOMI MI STORE PANAMA, S.A.",Cliente,155666686-2-2018,MI STORE,00229,lfernandez@xiaomistorepanama.com,miadmin@xiaomistorepanama.com
00230,THE BANK OF NOVA SCOTIA - (PANAMA),Cliente,1031-503-116426,THE BANK OF NOVA SCO,00230,nancy.hurtado@pa.scotiabank.com,
00231,DIGICEL ( PANAMA ) S A,Cliente,985987-1-533212,DIGICEL,00231,argelis.pinilla@digicelgroup.com,
00232,"TOP MEDIA PANAMA, S.A.",Cliente,65089-85-359991,TOP MEDIA PANAMA,00232,Briceida.Caballero@jcdecaux.com,
00233,BIGEL CORP.,Cliente,155604229-2-2015,CLINICA DE ORTODONCI,00233,laragiraldez@gmail.com,clinicadeortodonciaaltaplaza@gmail.com
00234,"ZEGNALETTI , S.A.",Cliente,2670316-1-843570,CLARKS,00234,admon@zegna-hg.com,
00235,"RISTORANTE PASTISSIMA, S. A.",Cliente,155662468-2-2018,PASTISSIMA,00235,info@renato.com.pa,info@renato.com.pa
00236,XIMI VOGUE ALTA PLAZA S.A.,Cliente,155669955-2-2018,XIMI VOGUE,00236,Marilynf.19@hotmail.com,administracion@ximipanama.com
00237,"ADVANCE MOTORS, S. A.",Cliente,513-162-111505,Renault,00237,jsolis@petroautos.com,
00238,"GMG RETAIL, S. A.",Cliente,2676116-1-844443,Depi Express,00238,hmark27@gmail.com,
00239,"DEVA MASSAGE, S. A.",Cliente,155670989-2-2018,DEVA MASSAGE,00239,luis.lassoq@gmail.com,
00240,"FRIDAMA PANAMA, S. A.",Cliente,2336282-1-795550,FRIDAMA,00240,cristal.mejias@fridama.com,
00241,"LEVYCOH, S. A.",Cliente,1422657-1-632255,JOHNNY COTTON/SANTêS,00241,luis@hilcopanama.com,contabilidad@cottonstorepma.com
00243,"TU PARADA INC,",Cliente,155674489-2-2019,TU PARADA,00243,sandyabadi95@gmail.com,'luisricou13@gmail.com'
00244,"HIBACHI GROUP, S. A.",Cliente,15565302-2-2019,DASSAI,00244,Luispan123@gmail.com,Hibachigroupsa@gmail.com
00245,"ALVAN INVESTMENTS 2201, S. A.",Cliente,155628368-2-2016,D' U„AS,00245,alvaninvestments2201@outlook.com,allievaldes@gmail.com
00246,"DIGITALSTOREPTY.COM, S.A.",Cliente,155670320-2-2018,II BELLO STORE,00246,info@ilbellostore.com,info@tantea24.com
00247,"ALIMENTOS SC ALTAPLAZA, S.A.",Cliente,155672922-2-2018,SALON CANTON,00247,saloncanton@yahoo.com,verowong@gmail.com
00248,"FDE, CORP",Cliente,155678752-2-2019,NERO AROMA,00248,gbuild1@gmail.com,
00249,NORKINAS PANAMA S.A.,Cliente,155678950-2-2019,NORKINAS,00249,diana@norkinas.com,
00250,"BERG LATINOAMERICA, S.A.",Cliente,155661945-2-2018,BERG,00250,fprudencio@bergcentroamerica.com,
00251,"EURO BOUTIQUES, INC",Cliente,30261-1-368066,MONT BLANC,00251,m.howard@motta-int.com,m.cedeno@motta-int.com
00252,"COMIDAS RAPIDAS INTERNACIONALES, S.A.",Cliente,433157-1-429089,LA ESTANCIA,00252,jgonzalez@crisapma.com,
00253,NOVARREN ENTERPRISES,Cliente,2579224-1-830726,ASTRE,00253,,
00254,LUXOR SKY,Cliente,2584825-1-831537,Gaudi,00254,,
00255,MELLOW SPRING,Cliente,155596149-2-2015,Athas,00255,,
00256,"GRUPO INDEX, S.A.",Cliente,1276195-1-599325,CARNIVORA AND HVAR,00256,admin@gipanama.com,jeikopk@gmail.com
00257,THE MARKETING STORE S.A.,Cliente,108124-1-379607,MR. LIMON,00257,operaciones@mrlimon.com,domingo.barrios@outsourcingmarketinggroup.com
00258,"FURNITURE CITY, S.A.",Cliente,1968567-1-734899,ASHLEY,00258,contabilidad@gspanama.com,laguilar@gspanama.com
00259,VIA VAI FASHION CORP,Cliente,2034343-1-745423,SOCIETY BEAUTY CLUB,00259,nicolegimal@gmail.com,
00260,EN POSITIVO CORP,Cliente,2189951-1-771715,CARNIVORA AND HVAR,00260,admin@gipanama.com,jeikopk@gmail.com
00261,HOB MANAGEMENT S A,Cliente,2138875-1-763364,HOME OF BRANDS,00261,elad@homeofbrands.net,administracion@homeofbrands.net
00262,HOB CAROLINA S.A.,Cliente,155669484-2-2018,CAROLINA LEMKE,00262,administracion@homeofbrands.net,elad@homeofbrands.net
00263,Rudimentaria Brewing Co,Otras,8-844-1890,Cervecer’a Rudimenta,00263,,
00264,INVERSIONES KING TECH CORPORATION S A,Cliente,155683576-2-2019,KING TECH,00264,kingtechpty@gmail.com,
00265,YAYO ELECTRONICS,Cliente,2009629-1-741594,LIKE NEW,00265,admongrupocpy@gmail.com,miguelespildora2@gmail.com
00266,"SKIN LASER CENTER, S.A.",Cliente,155678361-2-2019,SKIN LASER,00266,jdcastillero@skinlaserpa.com,contabilidad@skinlaserpa.com
00267,GAVIRELI INC,Cliente,2454288-1-812694,NOWE SNEAKER COMPANY,00267,,miguel@gavireli.com
00268,"BARBQ, S. A.",Cliente,155685502-2-2019,BARBQ,00268,marcosarebonattolr@gmail.com,
00269,ALTAPLAZA KAIFISH INC,Cliente,155685467-2-2019,Kaifish/JuanaTranqui,00269,salobchocron@gmail.com,salomonchocrone@gmail.com
00270,"ALITAS Y CERVEZAS PANAMA, S.A.",Cliente,155597764-2-2015,WINGS ARMY,00270,wingsarmypanama@gmail.com,
00271,"K BREAD & DRINK, S.A.",Cliente,155681898-2-2019,MISAWA,00271,ijurado@groupnhs.com,alfonsochong@unicrese.com
00272,"FIBU DISTRIBUIDORA, S. A.",Cliente,155676202-2-2019,FOM PANAMA,00272,GABRIELA@FOM.COM.PA,RODRIGO@FOM.COM.PA
00273,"TRS GRUPO, INC.",Cliente,155626438-2-2016,GOLD ELEMENTS,00273,chris@taiebgroup.com,adorepanama@gmail.com
00274,"MINI BF PANAMç, S.A.",Cliente,390-247-84722,MINISO,00274,proveedoresminibf@miniso.pa,
00275,"INTERNATIONAL MEAL COMPANY F&B, S.A.",Cliente,1967436-1-734718,CARL«S JR,00275,mbethancourt@carlsjunior.com.pa,jconte@carlsjunior.com.pa
00276,"INVERSIONES PERCE, S.A.",Cliente,155687451-2-2019,BENDITO ARROZ,00276,panama@benditoarroz.com,
00277,"TSALACH, S.A.",Cliente,155635191-2-2016,Moli Market,00277,molidelimarket@gmail.com,
00278,"SORAILE, S.A",Cliente,155690279-2-2020,WAYAN,00278,leydelises@gmail.com,sorailewayan@gmail.com
00279,"ONTARIO COFFEE PANAMA, S.A",Cliente,155623139-2-2016,NESPRESSO,00279,jrincon@grupodavissa.com,melissa@macstore.com.pa
00280,"GRAND INCENTIVES PANAMç, INC",Cliente,2249644-1-781267,DREAM MEXICO,00280,serviciopanama@grandincentives.com,jonathang-30@gmail.com
00281,NCG CLIMA PANAMç SA,Cliente,2503706-1-8194,NCG CLIMA PANAMç,00281,monchojrcb@yahoo.es,
00282,"PERLE GRUPO COMERCIAL, S.A",Cliente,155699230-2-2020,POP UP,00282,anamariabotero10@gmail.com,perlepty@gmail.com
00283,"INMOBILIARIA DON ANTONIO, S.A",Cliente,541-81-118009,FARMACIA METRO PLUS,00283,jmarin@smrey.com,gergonzalez@smrey.com
00284,"SOCIETY ALTA PLAZA, S.A.",Cliente,155685514-2-2019,GRAFF JOYEROS,00284,nicolegimal@gmail.com,raquelgimal@gmail.com
00285,ALEXANDER OLARTE PINILLA,Cliente,E-8-139405,AQUA GROUP,00285,alolarte@hotmail.com,
00286,"VPP, S.A",Cliente,155652016-2-2017,VISUAL POINT,00286,visualpointpanama@gmail.com,
00287,"The Coffee Shop 70, S.A",Cliente,155673219-2-2018,THE COFFEE SHOP,00287,Gonsaenz@cwpanama.net,thecoffeeshop70@gmail.com
00288,"GRUPO TODO A DOLAR, S.A",Cliente,682073-1-464676,TAD,00288,operaciones@grupotodoadollar.com,gcontabilidad@grupotodoadollar.com
00289,"5INCO ALTAPLAZA, S.A",Cliente,155706097-2-2021,5INCO,00289,roberto.richa@5incopanama.com,luis.davila@5incopanama.com
00290,"DISTRIBUIDORA DK, S.A",Cliente,2081325-1-753264,BODY SLIM,00290,erodriguez30877@hotmail.com,
00291,PLAY GROUND INVESTMENT CORP,Cliente,155709914-2-2021,SAND PARK,00291,playgroundinv@outlook.com,info@sandparkpty.com
00292,"HOSPITALIDAD BALU, SA",Cliente,155708182-2-2021,NEUTRO KITCHEN BAR,00292,ernesto3dots@gmail.com,neutrogerencia@gmail.com
00293,"ELGEOS, S.A",Cliente,155624749-2-2016,BARBMAN,00293,marlene.valdes@pdgsa.com,
00294,TASTY ONE CORP.,Cliente,155704398-2-2021,TASTY,00294,tsu.beltrantrejo@gmail.com,almahdimorrisquet@gmail.com
00295,ORBEX CORPORATION,Cliente,155608799-2-2015,ESCAPE ROOM,00295,orbexcorp@gmail.com,
00296,"VARIOS PISOS GROUP, S.A",Cliente,155714087-2-2021,3ER PISO,00296,reggitopty@gmail.com,
00297,"CREATIVE POINT, INC",Cliente,155690640-2-2020,HAPPY SOCKS,00297,aaron@hazak.shop,
00298,"ALIMENTOS Y SERVICIOS FRITOS, S.A",Cliente,155682722-2-2019,POPEYES,00298,facturas-Pagos@grupovierci.com.pa,
00299,"DESARROLLOS RETAILS, S.A",Cliente,155708474-2-2021,TUPPERWARE,00299,rolando@fiestaguatemala.com,alejandro.guzman@fiestaguatemala.com
00300,"CENTRAL AMERICA HEALTH, INC",Cliente,155683831-2-2019,CLINILAB,00300,administracion@clinilabpanama.com,
00301,CAROLINEE MITZEL ORTEGA GIL,Cliente,8-913-919,OM RELAX EXPRESS,00301,carol.1893.ko@gmail.com,
00302,"THE TEDDY FITNESS SHOW, S.A",Cliente,155684147-2-2019 ,LITTLE STEPS,00302,,
00303,"A5 FOOD INVESTMENT, S.A",Cliente,155704381-2-2021,MR. AREPA,00303,estefaniaalleyne@gmail.com,Josue.ortizlasso@gmail.com
00304,"CREMAS HELADAS PANAMA, S.A",Cliente,155644164-2-2017,FREDDO,00304,leotuccio@yahoo.com.ar,
00305,"LA IMPORTADORA SELECTA, S.A.",Cliente,743-444-139841,SELECTA,00305,contabilidad@gspanama.com,macuna@selectaonline.com
00306,FILISHOP PANAMA CORP.,Cliente,155717086-2-2022,FILISHOP,00306,filishopadm@gmail.com,eliioday94@gmail.com
00307,"CELLULAR PACIFIC, S.A.",Cliente,1152177-1-571972,I LOVE MY PHONE,00307,admongrupocpy@gmail.com,miguelespildora2@gmail.com
00308,"MULTIFOOD ENTERPRISES ALTAPLAZA, S.A.",Cliente, 155716666-2-2021 ,OLIVE GARDEN,00308,rafael@mfenterprises.net,hector@mfenterprises.net
00309,"INVERSIONES R & F, S.A.",Cliente,2657772-1-841691 ,XING FU TANG,00309,felix_cheung_ts@hotmail.com,
00310,"FANTACC, S.A.",Cliente,155610404-2-2015 ,CLAIRE«S,00310,i.saleh@hsscapital.com,f.espinosa@hsscapital.com
00311,"GRUPO GOLD WATER PTY, S.A.",Cliente,155719748-2-2022,WING ZONE,00311,wzoperaciones@gmail.com,cxpcentennial@gmail.com
00312,MELISSA CECILIA DIAZ MOLINA,Cliente,8-368-430,COSAS LINDAS,00312,melissa@cosas-lindas.com,
00313,"IX COMERCIO RT, S.A.",Cliente,2493494-1-817935,CROCS,00313,cpaproveedores@ixcomercio.com,Carolina.gordon@ixcomercio.com
00314,"SOCIETY BEAUTY CLUB, S.A.",Cliente,155678682-2-2019,SOCIETY BEAUTY CLUB,00314,glendamartinelli@gmail.com,nicolegimal@gmail.com
00315,"BARCENAS GROUP INTERNATIONAL, INC.",Cliente,155607822-2-2015,KRISPY KREME,00315,gerardo.tami@krispykremepanama.com,contador@krispykremepanama.com
00316,CAROLINA IBETH BEDOYA CAJIAO,Cliente,E-8-133191 ,AQUA CAR WASH,00316,aquagroup.pty@gmail.com,
00317,"PROKARTING, CORP",Cliente,155726484-2-2022,SUPER KARTS,00317,juan.duque@superkarts.com.co,
00318,BOWLAND GROUP PANAMA S.A.,Cliente,155727763-2-2022 ,BOWLAND,00318,mariorojas26@hotmail.com,carovsanchez@hotmail.com
00320,"EL MERCAITO, S.A.",Cliente,155726572-2-2022,MERCAITO,00320,cheffranciscocastro@me.com,
00321,"TEC MOBELT, S.A.",Cliente,155666314 - 2 - 2018,RAPTORS RESTAURANTE,00321,raptorspanama@gmail.com,raptorsgerencia@gmail.com
00322,YUDIMAR PASTORA MUJICA SIVIRA,Cliente,E-8-155936,QUE DULCITO PANAMç,00322,yudimarm@gmail.com,mujicasivira@gmail.com
00323,SOLUCIONES VENDING S.A.,Cliente,155637317-2-2016,THE VENDING REVOLUTI,00323,ventas1@gdenis.com,
00324,"CT INVESTMENT GROUP, S.A.",Cliente,1864092-1-715862,OCIO BABY & KIDS,00324,cobros@ocio.com.pa,
00325,"EMPRESAS CARBONE, S.A.",Cliente,1080323-1-554308,CARBONE,00325,ricardo@carbone.com.pa,contabilidad@carbone.com.pa
00326,"D' EMOCIONES, S.A.",Cliente,155699740-2-2020,VINTRO DESIGN STORE,00326,vintropanama@gmail.com,
00327,"GRETCO, INC",Cliente,155651292-2017-2017,NOWE SNEAKERS,00327,miguel@gretcoinc.com,
A0002,"FEC AltaPlaza, S. A.",Afiliadas,155596428-2-2015,Crazy P./ Tren/ Play,A0002,compras@crazyparkpanama.com,pmelendez@crazyparkpanama.com
PH00000,Cliente Contado,Cliente,000,,PH00000,,
PH00001,"Retail Network, Inc",Cliente,2243885-1-780233,Bershka,PH00001,facturacion.electronica@retailnetwork.com.pa,
PH00002,"International Collaborations, Inc",Cliente,2243930-1-780245,Stradivarius,PH00002,clarisseth.vergara@kappa.com.pa,
PH00003,"United Retail, Inc.",Cliente,2243988-1-780265,PULL & BEAR,PH00003,,
PH00004,"Interamerican Sports, S. A.",Cliente,2243982-1-780264,OYSHO,PH00004,reynaldo.espinosa@kappa.com.pa,facturacion.electronica@interamerican.com.pa
PH00005,RETAIL MODA S.A.,Cliente,155668678-2-2018,ZARA,PH00005,reynaldo.espinosa@kappa.com.pa,facturacion.electronica@retailmoda.com.pa
PH00006,"SISTEMAS MCOPCO PANAMA, S.A.",Cliente,557-538-101617,MC DONALD«S,PH00006,jesus.arias@pa.mcd.com,iris.dominguez@pa.mcd.com
PH00007,"TELCO SERVICES, S.A.",Cliente,2643922-1-839862,TELCO SERVICES,PH00007,lmaduro@telcoservicespty.com,mverastegui@telcoservicespty.com
PH00008,"AREIA BY PANAMA, S.A.",Cliente,155594879-2-2015,MAR DE PELOTAS,PH00008,,
PH00009,CONSTRUCTORA NORBERTO ODEBRECHT S A,Cliente,693864-1-1196,,PH00009,raescala@odebrecht.com,aalarcon@nuevocolon.com
PH00010,FEDERACION PANAME„A DE GIMNASIA,Cliente,25030361-3-2016,FPG,PH00010,presidencia@fpgimnasia.org,cherrera@fpgimnasia.org
PH00011,AES LATIN AMERICAN S. DE R.L,Cliente,1237082-1-875,AES LATIN AMERICAN,PH00011,cxppanama@aes.com,manpower.nvalladar.c@aes.com